{
  "languageNames": {
    "en": "English",
    "fr": "French", 
    "pt": "Portuguese",
    "es": "Spanish",
    "de": "German",
    "it": "Italian",
    "zh": "Chinese",
    "ja": "Japanese",
    "ar": "Arabic",
    "ru": "Russian",
    "ko": "Korean",
    "hi": "Hindi",
    "tr": "Turkish"
  },
  "common": {
    "loading": "Loading...",
    "error": "Error",
    "success": "Success",
    "cancel": "Cancel",
    "save": "Save",
    "delete": "Delete",
    "edit": "Edit",
    "close": "Close",
    "back": "Back",
    "next": "Next",
    "previous": "Previous",
    "submit": "Submit",
    "confirm": "Confirm",
    "yes": "Yes",
    "no": "No",
    "insufficientRights": "You do not have the necessary rights to perform this operation"
  },
  "navigation": {
    "home": "Accueil",
    "dashboard": "Tableau de bord",
    "settings": "Paramètres",
    "profile": "Profil",
    "logout": "Déconnexion",
    "conversations": "Conversations",
    "contacts": "Contacts",
    "groups": "Groupes",
    "links": "Liens",
    "communities": "Communautés",
    "admin": "Administration",
    "about": "À propos",
    "help": "Aide"
  },
  "header": {
    "searchPlaceholder": "Rechercher..."
  },
  "auth": {
    "checking": "Vérification...",
    "logoutSuccess": "Déconnexion réussie",
    "logoutError": "Erreur lors de la déconnexion"
  },
  "validation": {
    "required": "This field is required",
    "invalidEmail": "Invalid email address",
    "invalidPhone": "Invalid phone number",
    "minLength": "Minimum {min} characters required",
    "maxLength": "Maximum {max} characters allowed",
    "passwordMismatch": "Passwords do not match"
  },
  "errors": {
    "generic": "An error occurred",
    "network": "Network error",
    "unauthorized": "Unauthorized access",
    "forbidden": "Access forbidden",
    "notFound": "Resource not found",
    "invalidCredentials": "Invalid credentials",
    "sessionExpired": "Session expired",
    "validationError": "Validation error"
  },
  "success": {
    "saved": "Saved successfully",
    "deleted": "Deleted successfully",
    "updated": "Updated successfully",
    "created": "Created successfully",
    "welcome": "Welcome"
  },
  "toasts": {
    "error": "An error occurred",
    "success": "Operation successful",
    "warning": "Warning",
    "info": "Information",
    "connectionError": "Connection error",
    "sessionExpired": "Session expired, please log in again",
    "unauthorized": "You are not authorized to perform this action",
    "saveFailed": "Save failed",
    "saveSuccess": "Saved successfully",
    "deleteFailed": "Delete failed",
    "deleteSuccess": "Deleted successfully",
    "updateFailed": "Update failed",
    "updateSuccess": "Updated successfully"
  },
  "layout": {
    "header": {
      "title": "Meeshy",
      "subtitle": "Real-time multilingual messaging"
    },
    "sidebar": {
      "menu": "Menu",
      "collapse": "Collapse sidebar",
      "expand": "Expand sidebar"
    },
    "footer": {
      "copyright": "© {year} Meeshy. All rights reserved.",
      "version": "Version {version}",
      "about": "About",
      "privacy": "Privacy",
      "terms": "Terms",
      "contact": "Contact"
    }
  }
}
