{
  "lastUpdate": "2025-01-06T19:00:00Z",
  "models": [
    {
      "name": "mt5-small",
      "path": "/models/mt5-small",
      "info": {
        "name": "mt5-small",
        "family": "MT5",
        "variant": "small",
        "size": "290MB",
        "description": "mT5 Small - Rapide et efficace pour messages courts",
        "status": "ready"
      }
    },
    {
      "name": "nllb-200-distilled-600M", 
      "path": "/models/nllb-200-distilled-600M",
      "info": {
        "name": "nllb-200-distilled-600M",
        "family": "NLLB",
        "variant": "distilled-600M", 
        "size": "550MB",
        "description": "NLLB 600M - Excellence multilingue pour 200+ langues",
        "status": "ready"
      }
    }
  ]
}
