{
  "login": {
    "title": "Login",
    "subtitle": "Connect to your account",
    "formTitle": "Login",
    "formDescription": "Enter your credentials to log in",
    "usernameLabel": "Username or email",
    "usernamePlaceholder": "Your username",
    "usernameHelp": "Enter your username or email address",
    "passwordLabel": "Password",
    "passwordPlaceholder": "Your password",
    "passwordHelp": "Enter your personal password",
    "showPassword": "Show password",
    "hidePassword": "Hide password",
    "loginButton": "Login",
    "loggingIn": "Logging in...",
    "verifyingAuth": "Verifying authentication...",
    "redirecting": "Redirecting...",
    "loading": "Loading...",
    "validation": {
      "required": "All fields are required"
    },
    "noAccount": "Don't have an account?",
    "registerLink": "Sign up here",
    "success": {
      "loginSuccess": "Login successful!",
      "welcome": "Welcome back to Meeshy"
    },
    "errors": {
      "loginFailed": "Login failed. Please check your credentials.",
      "invalidCredentials": "Invalid credentials"
    }
  },
  "register": {
    "title": "Create an account",
    "description": "Join Meeshy and communicate without barriers",
    "subtitle": "Create your Meeshy account",
    "formTitle": "Registration",
    "formDescription": "Fill in the information below to create your account",
    "firstNameLabel": "First name",
    "firstNamePlaceholder": "Your first name",
    "lastNameLabel": "Last name",
    "lastNamePlaceholder": "Your last name",
    "usernameLabel": "Username",
    "usernamePlaceholder": "Choose a username",
    "usernameHelp": "Choose a unique username",
    "emailLabel": "Email",
    "emailPlaceholder": "your@email.com",
    "emailHelp": "We will use this email to contact you",
    "phoneLabel": "Phone number",
    "phonePlaceholder": "+33 6 12 34 56 78",
    "phoneHelp": "Optional phone number",
    "passwordLabel": "Password",
    "passwordPlaceholder": "Choose a secure password",
    "passwordHelp": "Choose a secure password with at least 8 characters",
    "confirmPasswordLabel": "Confirm password",
    "confirmPasswordPlaceholder": "Confirm your password",
    "confirmPasswordHelp": "Re-enter your password to confirm",
    "systemLanguageLabel": "System language",
    "regionalLanguageLabel": "Regional language",
    "showPassword": "Show password",
    "hidePassword": "Hide password",
    "registerButton": "Create account",
    "continueButton": "Continue",
    "previousButton": "Previous",
    "creating": "Creating account...",
    "registering": "Creating account...",
    "verifyingRegistration": "Verifying registration...",
    "redirecting": "Redirecting...",
    "loading": "Loading...",
    "fillRequiredFields": "Please fill in all required fields",
    "validation": {
      "required": "All fields are required",
      "emailInvalid": "Please enter a valid email address",
      "passwordTooShort": "Password must be at least 8 characters",
      "passwordMismatch": "Passwords do not match",
      "usernameInvalid": "Username must be at least 3 characters and contain only letters, numbers, and underscores"
    },
    "hasAccount": "Already have an account?",
    "loginLink": "Sign in here",
    "acceptTerms": "I accept the",
    "termsOfService": "Terms of Service",
    "and": "and",
    "privacyPolicy": "Privacy Policy",
    "contactUs": "Contact us",
    "success": {
      "registrationSuccess": "Account created successfully!",
      "welcome": "Welcome {name}!"
    },
    "errors": {
      "registrationFailed": "Registration failed. Please try again.",
      "registrationError": "Error during registration",
      "emailExists": "This email is already registered",
      "usernameExists": "This username is already taken"
    }
  },
  "joinConversation": {
    "title": "Join a conversation",
    "description": "Enter the conversation link you received",
    "resumeTitle": "Resume or join a conversation",
    "resumeDescription": "You have an ongoing conversation. You can resume it or join a new conversation.",
    "ongoingConversation": "Ongoing conversation",
    "ongoingDescription": "You have an active conversation that you can resume.",
    "resumeButton": "Resume ongoing conversation",
    "orJoinNew": "Or join a new conversation",
    "newConversationDescription": "Enter a new conversation link below:",
    "linkLabel": "Conversation link",
    "linkPlaceholder": "Enter conversation link",
    "joinButton": "Join conversation",
    "loading": "Loading...",
    "verifying": "Verifying...",
    "validating": "Validating link...",
    "enterLink": "Please enter a conversation link",
    "invalidLink": "Invalid conversation link",
    "expiredLink": "Invalid or expired conversation link",
    "linkError": "Error validating link",
    "verificationError": "Error verifying link",
    "validLink": "Valid link! Redirecting..."
  }
}
