{
  "title": "Chat",
  "anonymousChat": "Anonymous chat",
  "loading": "Loading chat...",
  "connecting": "Connecting...",
  "connected": "Connected",
  "disconnected": "Disconnected",
  "reconnecting": "Reconnecting...",
  "sendMessage": "Send message",
  "messagePlaceholder": "Type your message...",
  "noMessages": "No messages yet",
  "noMessagesDescription": "Start the conversation by sending a message",
  "conversationNotFound": {
    "title": "Conversation not found",
    "description": "This conversation doesn't exist or the link is invalid",
    "backHome": "Back to home",
    "createNew": "Create new conversation"
  },
  "errors": {
    "loadError": "Error loading chat",
    "sendError": "Error sending message",
    "connectionError": "Connection error",
    "invalidLink": "Invalid conversation link"
  }
}

