{
  "title": "Groups",
  "description": "Manage your groups and communities",
  "createGroup": "Create a group",
  "joinGroup": "Join a group",
  "searchPlaceholder": "Search groups...",
  "noGroups": "No groups",
  "noGroupsDescription": "Create or join a group to start collaborating",
  "members": "members",
  "admin": "Admin",
  "member": "Member",
  "pending": "Pending",
  "tabs": {
    "myGroups": "My groups",
    "discover": "Discover",
    "invitations": "Invitations"
  },
  "visibility": {
    "public": "Public",
    "private": "Private"
  },
  "actions": {
    "view": "View",
    "join": "Join",
    "leave": "Leave",
    "invite": "Invite",
    "settings": "Settings"
  },
  "success": {
    "groupCreated": "Group created successfully",
    "groupJoined": "You joined the group",
    "groupLeft": "You left the group"
  },
  "errors": {
    "loadError": "Error loading groups",
    "createError": "Error creating group",
    "joinError": "Error joining group",
    "leaveError": "Error leaving group"
  }
}

