{
  "header": {
    "login": "Se connecter",
    "loginTitle": "Connexion",
    "loginDescription": "Connectez-vous à votre compte Meeshy",
    "register": "S'inscrire",
    "registerTitle": "Créer un compte",
    "registerDescription": "Rejoignez Meeshy et commencez à discuter",
    "joinConversation": "Rejoindre",
    "joinTitle": "Rejoindre la conversation",
    "joinDescription": "Entrez le code de conversation pour participer",
    "shareLink": "Partager",
    "shareLinkCopied": "Lien copié dans le presse-papiers",
    "backToConversation": "Retour à la conversation",
    "profile": "Profil",
    "settings": "Paramètres",
    "logout": "Déconnexion",
    "anonymousWarning": "Session anonyme",
    "clearSession": "Effacer la session",
    "clearSessionTitle": "Effacer la session anonyme",
    "clearSessionDescription": "Êtes-vous sûr de vouloir effacer votre session anonyme ? Cette action est irréversible.",
    "cancel": "Annuler",
    "confirm": "Confirmer"
  }
}

