{
  "privacy": {
    "backHome": "Retour à l'accueil",
    "print": "Imprimer",
    "title": "Politique de Confidentialité",
    "lastUpdated": "Dernière mise à jour : 6 septembre 2025",
    "introduction": {
      "title": "1. Introduction",
      "content": "Chez Meeshy, nous nous engageons à protéger votre vie privée et vos données personnelles. Cette politique de confidentialité explique comment nous collectons, utilisons et protégeons vos informations lorsque vous utilisez notre service de messagerie multilingue."
    },
    "dataCollection": {
      "title": "2. Informations que Nous Collectons",
      "personal": {
        "title": "2.1 Informations Personnelles",
        "items": [
          "Nom d'utilisateur et adresse e-mail (lors de l'inscription)",
          "Préférences linguistiques",
          "Informations de profil (optionnel)"
        ]
      },
      "translation": {
        "title": "2.2 Données de Traduction",
        "items": [
          "Messages traduits (traités sur des serveurs sécurisés)",
          "Langues source et cible",
          "Métadonnées de traduction (sans contenu de message)"
        ]
      },
      "technical": {
        "title": "2.3 Données Techniques",
        "items": [
          "Adresse IP (anonymisée)",
          "Type et version du navigateur",
          "Données d'utilisation du service (statistiques anonymes)"
        ]
      }
    },
    "usage": {
      "title": "3. Comment Nous Utilisons Vos Informations",
      "items": [
        {
          "title": "Fourniture du service :",
          "description": "Traduction en temps réel de vos messages"
        },
        {
          "title": "Amélioration du service :",
          "description": "Développement de nouvelles fonctionnalités"
        },
        {
          "title": "Support client :",
          "description": "Répondre à vos questions et résoudre les problèmes"
        },
        {
          "title": "Sécurité :",
          "description": "Protection contre les abus et la fraude"
        },
        {
          "title": "Communication :",
          "description": "Informations importantes sur le service"
        }
      ]
    },
    "protection": {
      "title": "4. Protection des Données",
      "local": {
        "title": "4.1 Traitement Local",
        "content": "Toutes les traductions sont effectuées sur nos serveurs sécurisés avec des modèles IA avancés, garantissant une grande précision et fiabilité."
      },
      "encryption": {
        "title": "4.2 Chiffrement",
        "content": "Toutes les communications entre votre navigateur et nos serveurs sont chiffrées en utilisant TLS 1.3."
      },
      "storage": {
        "title": "4.3 Stockage Sécurisé",
        "content": "Les données stockées sur nos serveurs sont protégées par des mesures de sécurité de niveau entreprise, y compris le chiffrement au repos."
      }
    },
    "sharing": {
      "title": "5. Partage d'Informations",
      "intro": "Nous ne vendons, ne louons et ne partageons pas vos informations personnelles avec des tiers, sauf dans les cas suivants :",
      "cases": [
        "Avec votre consentement explicite",
        "Pour respecter les obligations légales",
        "Pour protéger nos droits, notre propriété ou notre sécurité",
        "Avec des prestataires de services de confiance (sous accords de confidentialité)"
      ]
    },
    "rights": {
      "title": "6. Vos Droits",
      "intro": "Conformément au RGPD, vous avez le droit de :",
      "list": [
        "Accéder à vos données personnelles",
        "Rectifier les informations inexactes",
        "Supprimer vos données personnelles",
        "Limiter le traitement des données",
        "Portabilité des données",
        "Vous opposer au traitement"
      ],
      "contact": "Pour exercer ces droits, contactez-nous à : privacy@meeshy.me"
    },
    "cookies": {
      "title": "7. Cookies et Technologies Similaires",
      "content": "Nous utilisons des cookies essentiels pour la fonctionnalité du service et des cookies analytiques pour améliorer l'expérience utilisateur. Vous pouvez gérer vos préférences de cookies dans les paramètres de votre navigateur."
    },
    "updates": {
      "title": "8. Mises à Jour de la Politique",
      "content": "Nous pouvons mettre à jour cette politique de confidentialité de temps en temps. Les changements importants seront communiqués par e-mail ou via une notification dans l'application. La date de dernière mise à jour est indiquée en haut de cette page."
    },
    "contact": {
      "title": "9. Contact",
      "address": "Adresse : 9 - 11 Avenue de l'Arche, Courbevoie 92400, France",
      "email": "E-mail : privacy@meeshy.me"
    },
    "footer": {
      "home": "Accueil",
      "about": "À propos",
      "contact": "Contact",
      "partners": "Devenir partenaire"
    }
  },
  "terms": {
    "title": "Conditions d'Utilisation",
    "lastUpdated": "Dernière mise à jour : 1er janvier 2026",
    "sections": {
      "acceptance": {
        "title": "1. Acceptation des Conditions",
        "content": "En accédant et en utilisant Meeshy, vous acceptez d'être lié par ces conditions d'utilisation. Si vous n'acceptez pas ces conditions, veuillez ne pas utiliser notre service."
      },
      "description": {
        "title": "2. Description du Service",
        "content": "Meeshy est une plateforme de messagerie multilingue qui utilise l'intelligence artificielle pour traduire automatiquement les messages en temps réel. Notre service permet la communication sans barrières linguistiques directement dans votre navigateur."
      },
      "acceptableUse": {
        "title": "3. Utilisation Acceptable",
        "content": "Vous acceptez de :",
        "items": [
          "Utiliser le service uniquement à des fins légales",
          "Ne pas utiliser le service pour nuire à autrui",
          "Ne pas utiliser le service pour envoyer du spam ou des virus",
          "Ne pas utiliser le service pour envoyer du contenu illégal"
        ]
      },
      "privacy": {
        "title": "4. Confidentialité et Protection des Données",
        "content": "Nous nous engageons à protéger votre vie privée. Les traductions sont effectuées sur nos serveurs sécurisés avec chiffrement de niveau entreprise. Aucune donnée personnelle n'est stockée sans votre consentement explicite. Consultez notre politique de confidentialité pour plus de détails."
      },
      "intellectualProperty": {
        "title": "5. Propriété Intellectuelle",
        "content": "Tout le contenu, les fonctionnalités et les fonctionnalités de Meeshy appartiennent à Meeshy SAS et sont protégés par les droits d'auteur, les marques déposées et d'autres lois sur la propriété intellectuelle."
      },
      "limitation": {
        "title": "6. Limitation de Responsabilité",
        "content": "Meeshy est fourni \"tel quel\" sans garanties d'aucune sorte. Nous ne sommes pas responsables des dommages résultant de l'utilisation de notre service."
      },
      "termination": {
        "title": "7. Résiliation",
        "content": "Nous nous réservons le droit de résilier ou de suspendre votre accès à notre service à tout moment, avec ou sans préavis, pour une conduite qui, selon nous, viole ces conditions."
      },
      "changes": {
        "title": "8. Modifications des Conditions",
        "content": "Nous nous réservons le droit de modifier ces conditions à tout moment. Les modifications seront effectives immédiatement après leur publication. Votre utilisation continue du service constitue l'acceptation des conditions modifiées."
      },
      "contact": {
        "title": "9. Contact",
        "content": "Pour des questions sur ces conditions, contactez-nous à : legal@meeshy.me"
      }
    }
  }
}

