{
  "title": "Sharing links",
  "createLink": "Create a link",
  "unnamedLink": "Unnamed link",
  "conversation": "Conversation",
  "searchPlaceholder": "Search links...",
  "tabs": {
    "active": "Active",
    "disabled": "Disabled",
    "expired": "Expired"
  },
  "status": {
    "active": "Active",
    "inactive": "Inactive",
    "expired": "Expired",
    "never": "Never"
  },
  "stats": {
    "created": "Created",
    "expires": "Expires",
    "uses": "Uses",
    "active": "Active"
  },
  "actions": {
    "viewDetails": "View details",
    "copy": "Copy link",
    "edit": "Edit",
    "delete": "Delete",
    "enable": "Enable",
    "disable": "Disable",
    "extend7Days": "Extend 7 days"
  },
  "confirm": {
    "delete": "Are you sure you want to delete this link?"
  },
  "success": {
    "linkCreated": "Link created successfully",
    "linkCopied": "Link copied to clipboard",
    "linkDeleted": "Link deleted successfully",
    "linkEnabled": "Link enabled successfully",
    "linkDisabled": "Link disabled successfully"
  },
  "errors": {
    "loadFailed": "Error loading links",
    "deleteFailed": "Error deleting link",
    "toggleFailed": "Error updating link status",
    "extendFailed": "Error extending link"
  }
}

