{
  "createConversationModal": {
    "title": "Create a new conversation",
    "description": "Create a direct or group conversation",
    "steps": {
      "members": "Members",
      "details": "Details"
    },
    "community": {
      "title": "Community",
      "searchPlaceholder": "Search communities...",
      "loading": "Loading communities...",
      "membersCount": "{count} members • {conversations} conversations",
      "noCommunitiesFound": "No communities found"
    },
    "members": {
      "title": "Members",
      "searchPlaceholder": "Search users...",
      "loading": "Loading users...",
      "noUsersFound": "No users found",
      "selectedMembers": "{count} members selected"
    },
    "conversationDetails": {
      "title": "Conversation details",
      "typeDirect": "Direct conversation",
      "typeGroup": "Group conversation",
      "conversationTitle": "Conversation title",
      "titlePlaceholder": "Ex: Team discussion...",
      "titleInfoDirect": "Optional: name for this direct conversation",
      "titleInfoGroup": "Name that will identify this group conversation",
      "identifier": "Unique identifier",
      "identifierRequired": "*",
      "identifierPrefix": "@",
      "identifierPlaceholder": "team-discussion",
      "identifierInfo": "Used to mention this conversation with @identifier",
      "identifierError": "The identifier must contain only letters, numbers, hyphens and underscores"
    },
    "autoGeneratedTitles": {
      "directWithUser": "Conversation with {username}",
      "betweenTwoUsers": "{user1} and {user2}",
      "groupWithTwo": "{user1} and {user2}",
      "groupWithMultiple": "{user1}, {user2} and {count} others"
    },
    "actions": {
      "cancel": "Cancel",
      "creating": "Creating...",
      "createDirectConversation": "Create direct conversation",
      "createGroupConversation": "Create group conversation"
    },
    "errors": {
      "searchError": "Error searching",
      "selectAtLeastOneUser": "Please select at least one user",
      "identifierRequired": "The identifier is required",
      "invalidIdentifier": "Invalid identifier format",
      "creationError": "Error creating conversation"
    },
    "success": {
      "conversationCreated": "Conversation created successfully"
    }
  },
  "createLinkButton": {
    "advancedSettings": "Advanced settings",
    "advancedSettingsInfo": "Configure advanced options for your link",
    "copied": "Link copied!",
    "copy": "Copy link",
    "copyManually": "Copy manually",
    "createdAt": "Created on",
    "disabled": "Disabled",
    "email": "Email",
    "enabled": "Enabled",
    "expiresAt": "Expires on",
    "files": "Files",
    "generatedLink": "Generated link",
    "images": "Images",
    "languages": "Languages",
    "maxFileSize": "Max file size",
    "maxUses": "Max uses",
    "permissions": "Permissions",
    "photos": "Photos",
    "shareEmail": "Share by email",
    "status": "Status",
    "usageCount": "Uses",
    "usesRemaining": "uses remaining",
    "videos": "Videos",
    "viewDetails": "View details"
  },
  "createLinkModal": {
    "title": "Create a sharing link",
    "description": "Create a link to allow others to join a conversation",
    "steps": {
      "selectConversation": "Select a conversation",
      "configureLink": "Configure the link",
      "linkOptions": "Link options",
      "summaryAndGeneration": "Summary and generation"
    },
    "stepDescriptions": {
      "selectConversation": "Choose an existing conversation or create a new one",
      "configureLink": "Configure the basic link settings",
      "configureNewConversation": "Define the details of your new conversation",
      "linkOptions": "Customize permissions and restrictions",
      "summaryAndGeneration": "Review your settings and generate the link"
    },
    "createNewConversation": {
      "title": "Create a new conversation",
      "description": "Create a dedicated conversation for this sharing link",
      "orSelectExisting": "Or select an existing conversation"
    },
    "conversationForm": {
      "title": "Conversation title *",
      "titleInfo": "Name that will identify this conversation and will be used to generate the sharing link name",
      "titlePlaceholder": "Ex: Team discussion, Project brainstorming...",
      "description": "Description (optional)",
      "descriptionInfo": "Description that will appear in the conversation list and help members understand the purpose",
      "descriptionPlaceholder": "Describe the purpose of this conversation...",
      "baseMembers": "Base members",
      "memberCount": "{count} member(s)",
      "searchUsers": "Search users... (type to search)",
      "noUsersFound": "No users found"
    },
    "linkConfiguration": {
      "validityDuration": "Validity duration",
      "validityDurationInfo": "Duration during which the sharing link will remain active. After expiration, the link will no longer work",
      "usageLimit": "Usage limit",
      "usageLimitInfo": "Maximum number of times the link can be used. Once the limit is reached, the link will be disabled"
    },
    "durationOptions": {
      "1": {
        "label": "1 day",
        "description": "Temporary link"
      },
      "3": {
        "label": "3 days",
        "description": "Short term"
      },
      "7": {
        "label": "1 week",
        "description": "Short term"
      },
      "14": {
        "label": "2 weeks",
        "description": "Short term"
      },
      "30": {
        "label": "1 month",
        "description": "Medium term"
      },
      "60": {
        "label": "2 months",
        "description": "Medium term"
      },
      "90": {
        "label": "3 months",
        "description": "Long term"
      },
      "180": {
        "label": "6 months",
        "description": "Long term"
      },
      "365": {
        "label": "1 year",
        "description": "Permanent"
      },
      "730": {
        "label": "2 years",
        "description": "Permanent"
      }
    },
    "limitOptions": {
      "5": {
        "label": "5 uses",
        "description": "Very small group"
      },
      "10": {
        "label": "10 uses",
        "description": "Small group"
      },
      "25": {
        "label": "25 uses",
        "description": "Small group"
      },
      "50": {
        "label": "50 uses",
        "description": "Medium group"
      },
      "100": {
        "label": "100 uses",
        "description": "Large group"
      },
      "250": {
        "label": "250 uses",
        "description": "Large group"
      },
      "500": {
        "label": "500 uses",
        "description": "Very large group"
      },
      "1000": {
        "label": "1000 uses",
        "description": "Very large group"
      },
      "unlimited": {
        "label": "Unlimited",
        "description": "No usage limit"
      }
    },
    "actions": {
      "previous": "Previous",
      "next": "Next",
      "cancel": "Cancel",
      "createLink": "Create link",
      "generating": "Generating...",
      "copyLink": "Copy link",
      "shareLink": "Share link",
      "close": "Close"
    },
    "success": {
      "linkCreated": "Link created successfully!",
      "linkCopied": "Link copied to clipboard"
    },
    "errors": {
      "titleRequired": "Title is required",
      "creationFailed": "Failed to create link",
      "copyFailed": "Failed to copy link"
    }
  },
  "linkSummaryModal": {
    "title": "Link Summary",
    "description": "Review your link configuration",
    "conversation": {
      "title": "Conversation",
      "name": "Name",
      "description": "Description",
      "members": "Members"
    },
    "linkDetails": {
      "title": "Link Details",
      "duration": "Duration",
      "usageLimit": "Usage limit",
      "createdOn": "Created on",
      "expiresOn": "Expires on"
    },
    "actions": {
      "edit": "Edit",
      "delete": "Delete",
      "copy": "Copy link",
      "share": "Share",
      "close": "Close"
    }
  },
  "anonymousChat": {
    "title": "Anonymous Chat",
    "description": "Start chatting without creating an account",
    "features": {
      "noRegistration": "No registration required",
      "instantTranslation": "Instant translation",
      "privateConversations": "Private conversations"
    },
    "actions": {
      "startChat": "Start chatting",
      "createAccount": "Create account",
      "login": "Login"
    },
    "conversationNotFound": {
      "title": "Conversation not found",
      "description": "This conversation doesn't exist or the link is invalid.",
      "actions": {
        "backHome": "Back to home",
        "createNew": "Create new conversation"
      }
    }
  }
}
