{
  "pageTitle": "Notifications",
  "preferences": "Notification Preferences",
  "markAllRead": "Mark all as read",
  "systemStatus": "System Status",
  "service": "Service",
  "totalNotifications": "Total notifications",
  "unread": "Unread",
  "quickActions": "Quick Actions",
  "timeAgo": {
    "now": "Just now",
    "minute": "{count} minute ago",
    "hour": "{count} hour ago",
    "day": "{count} day ago"
  },
  "unreadCount": {
    "allRead": "{total} notification{plural} (all read)",
    "empty": "No notifications"
  },
  "empty": {
    "title": "No notifications",
    "description": "You don't have any notifications yet. They will appear here when you receive them."
  },
  "types": {
    "message": "New message",
    "mention": "You were mentioned",
    "invitation": "Invitation received",
    "system": "System notification"
  },
  "actions": {
    "markAsRead": "Mark as read",
    "markAsUnread": "Mark as unread",
    "delete": "Delete",
    "viewConversation": "View conversation"
  },
  "settings": {
    "title": "Notification Settings",
    "emailNotifications": "Email notifications",
    "pushNotifications": "Push notifications",
    "soundEnabled": "Sound enabled",
    "desktopNotifications": "Desktop notifications"
  }
}

