{
  "backHome": "Back Home",
  "print": "Print",
  "title": "Privacy Policy",
  "lastUpdated": "Last updated: September 6, 2025",
  "introduction": {
    "title": "1. Introduction",
    "content": "At Meeshy, we are committed to protecting your privacy and personal data. This privacy policy explains how we collect, use, and protect your information when you use our multilingual messaging service."
  },
  "dataCollection": {
    "title": "2. Information We Collect",
    "personal": {
      "title": "2.1 Personal Information",
      "items": [
        "Username and email address (during registration)",
        "Language preferences",
        "Profile information (optional)"
      ]
    },
    "translation": {
      "title": "2.2 Translation Data",
      "items": [
        "Translated messages (processed on secure servers)",
        "Source and target languages",
        "Translation metadata (without message content)"
      ]
    },
    "technical": {
      "title": "2.3 Technical Data",
      "items": [
        "IP address (anonymized)",
        "Browser type and version",
        "Service usage data (anonymous statistics)"
      ]
    }
  },
  "usage": {
    "title": "3. How We Use Your Information",
    "items": [
      {
        "title": "Service provision:",
        "description": "Real-time translation of your messages"
      },
      {
        "title": "Service improvement:",
        "description": "Development of new features"
      },
      {
        "title": "Customer support:",
        "description": "Responding to your questions and resolving issues"
      },
      {
        "title": "Security:",
        "description": "Protection against abuse and fraud"
      },
      {
        "title": "Communication:",
        "description": "Important service information"
      }
    ]
  },
  "protection": {
    "title": "4. Data Protection",
    "local": {
      "title": "4.1 Local Processing",
      "content": "All translations are performed on our secure servers with advanced AI models, ensuring high accuracy and reliability."
    },
    "encryption": {
      "title": "4.2 Encryption",
      "content": "All communications between your browser and our servers are encrypted using TLS 1.3."
    },
    "storage": {
      "title": "4.3 Secure Storage",
      "content": "Data stored on our servers is protected by enterprise-grade security measures, including encryption at rest."
    }
  },
  "sharing": {
    "title": "5. Information Sharing",
    "intro": "We do not sell, rent, or share your personal information with third parties, except in the following cases:",
    "cases": [
      "With your explicit consent",
      "To comply with legal obligations",
      "To protect our rights, property, or security",
      "With trusted service providers (under confidentiality agreements)"
    ]
  },
  "rights": {
    "title": "6. Your Rights",
    "intro": "In accordance with GDPR, you have the right to:",
    "list": [
      "Access your personal data",
      "Rectify inaccurate information",
      "Delete your personal data",
      "Limit data processing",
      "Data portability",
      "Object to processing"
    ],
    "contact": "To exercise these rights, contact us at: privacy@meeshy.me"
  },
  "cookies": {
    "title": "7. Cookies and Similar Technologies",
    "content": "We use essential cookies for service functionality and analytical cookies to improve user experience. You can manage your cookie preferences in your browser settings."
  },
  "updates": {
    "title": "8. Policy Updates",
    "content": "We may update this privacy policy from time to time. Important changes will be communicated by email or via a notification in the application. The last update date is indicated at the top of this page."
  },
  "contact": {
    "title": "9. Contact",
    "address": "Address: 9 - 11 Avenue de l'Arche, Courbevoie 92400, France",
    "email": "Email: privacy@meeshy.me"
  },
  "footer": {
    "home": "Home",
    "about": "About",
    "contact": "Contact",
    "partners": "Become a partner"
  }
}

